{
          "businessid": "ASSHBXVVS1234",
          "businessdescription": "We are the best Hand tossed Pizza",
          "businessname": "Roose Pizza",
          "businesscategory": "Food",
          "businesssubcategory": "Fast Food",
          "address": {
            "addressline1": "1 Brunswick Ave",
            "addressline2": "",
            "city": "Edison",
            "state": "NJ",
            "country": "USA",
            "postalcode": "08817"
          },
          "contactInfo": {
            "phone": "111-111-1111",
            "email": "test@yahoo.com",
            "fax": "222-222-2222",
            "website": "test.com",
            "cell": "333-333-3333"
            },
            "logourl":"http://vconnect.com/logos/ASSHBXVVS1234.png",
            "service":"Food",
            "languages":"English",
            "hours":"Mon-Fri 8:00 am - 6:00 pm"
        
}