{
  "businessid": "ASSHBXVVS1234",
  "businessname": "Roose Pizza",
  "msglist": [
    {
      "msguri": "/getmessages/ASSHBXVVS1234/123",
      "msgsubject": "Your Order is ready for pickup",
      "msgtype": "Informative",
      "isread": "N",
      "timestamp": "Feb-13-2018 13:20:20"
    },
    {
      "msguri": "/getmessages/ASSHBXVVS1234/124",
      "msgsubject": "Get 50% off on Pizza delivery",
      "msgtype": "Marketing",
      "isread": "Y",
      "timestamp": "Feb-14-2018 15:20:20"
    }
  ]
}