{
  "pendingsubslist": [
    {
      "id": "1233ASD",
      "name": "Rose Pizza",
      "punchline": "We are best pizza in town",
      "logourl": "http://vconnect.com/logos/1233ASD",
      "status":"Pending",
      "requesteddate":"Feb 21 2018"
    },
    {
      "id": "12354dfdfddf",
      "name": "Dr Martin",
      "punchline": "Your primary health careres",
      "logourl": "http://vconnect.com/logos/12354dfdfddf",
      "status":"Pending",
      "requesteddate":"Feb 25 2018"
    },
    {
      "id": "12354df2345ft",
      "name": "Pizza hut",
      "punchline": "Healthy choice in Pizza",
      "logourl": "http://vconnect.com/logos/12354df2345ft",
      "status":"Pending",
      "requesteddate":"Feb 23 2018"
    },
    {
      "id": "12354dfdfddf",
      "name": "Dr Martin",
      "punchline": "Your primary health careres",
      "logo_url": "http://vconnect.com/logos/12354dfdfddf",
      "status":"Pending",
      "requesteddate":"Feb 29 2018"
    }
  ]
}