<?xml version="1.0" encoding="utf-8"?>
  <ActionData>
    <RequestGlobalID>str1234</RequestGlobalID>
    <UserAction>
      <Operation>str1234</Operation>
      <OperationStatus>str1234</OperationStatus>
      <OperationStatusDetail>str1234</OperationStatusDetail>
      <ErrorList>
        <ErrorType>
          <ErrorCode>str1234</ErrorCode>
          <ErrorMessage>str1234</ErrorMessage>
          <ErrorType>Technical</ErrorType>
          <StackTrace>str1234</StackTrace>
        </ErrorType>
      </ErrorList>
    </UserAction>
    <UserLoginId>str1234</UserLoginId>
    <UserName>
      <Title>str1234</Title>
      <FirstName>str1234</FirstName>
      <MiddleName>str1234</MiddleName>
      <LastName>str1234</LastName>
      <Initials>str1234</Initials>
    </UserName>
    <UserIP>str1234</UserIP>
    <UserRegion>str1234</UserRegion>
    <UserDevice>str1234</UserDevice>
  </ActionData>
  <User>
    <UserGeneralInfo>
      <UserID>12345</UserID>
      <UserName>
        <Title>str1234</Title>
        <FirstName>str1234</FirstName>
        <MiddleName>str1234</MiddleName>
        <LastName>str1234</LastName>
        <Initials>str1234</Initials>
      </UserName>
      <Address>
        <BuildingInfo>str1234</BuildingInfo>
        <Street>str1234</Street>
        <AddressLine2>str1234</AddressLine2>
        <AddressLine3>str1234</AddressLine3>
        <City>str1234</City>
        <State>str1234</State>
        <Country>str1234</Country>
        <PostalCode>str1234</PostalCode>
      </Address>
      <ContactInfo>
        <WorkNumber>str1234</WorkNumber>
        <HomeNumber>str1234</HomeNumber>
        <CellNumber>str1234</CellNumber>
        <FaxNumber>str1234</FaxNumber>
        <Email>str1234</Email>
        <Telex>str1234</Telex>
        <WebSite>str1234</WebSite>
      </ContactInfo>
      <TimeZone>str1234</TimeZone>
      <TimeZoneCode>str1234</TimeZoneCode>
      <UserStatus>Active</UserStatus>
    </UserGeneralInfo>
    <AssociatedBusinessSubscriptions>
      <AssociatedBusinessGeneralInfo>
        <BusinessGeneralInfo>
          <BusinessID>str1234</BusinessID>
          <BusinessName>str1234</BusinessName>
          <BusinessAlias>str1234</BusinessAlias>
          <BusinessDescription>str1234</BusinessDescription>
          <BusinessCategory>str1234</BusinessCategory>
          <BusinessSubCategory>str1234</BusinessSubCategory>
          <BusinessSatus>str1234</BusinessSatus>
          <Address>
            <BuildingInfo>str1234</BuildingInfo>
            <Street>str1234</Street>
            <AddressLine2>str1234</AddressLine2>
            <AddressLine3>str1234</AddressLine3>
            <City>str1234</City>
            <State>str1234</State>
            <Country>str1234</Country>
            <PostalCode>str1234</PostalCode>
          </Address>
          <ContactInfo>
            <WorkNumber>str1234</WorkNumber>
            <HomeNumber>str1234</HomeNumber>
            <CellNumber>str1234</CellNumber>
            <FaxNumber>str1234</FaxNumber>
            <Email>str1234</Email>
            <Telex>str1234</Telex>
            <WebSite>str1234</WebSite>
          </ContactInfo>
        </BusinessGeneralInfo>
        <MsgInfo>
          <UnReadMsgs>str1234</UnReadMsgs>
          <ReadMsgs>str1234</ReadMsgs>
          <TotalMsgs>str1234</TotalMsgs>
        </MsgInfo>
        <MsgList>
          <MsgSubject>str1234</MsgSubject>
          <MsgType>str1234</MsgType>
          <IsRead>str1234</IsRead>
          <TimeStamp>str1234</TimeStamp>
          <MsgText>str1234</MsgText>
          <MsgURL>str1234</MsgURL>
        </MsgList>
      </AssociatedBusinessGeneralInfo>
    </AssociatedBusinessSubscriptions>
  </User>
  <SearchResult>
    <SearchedCriteria>str1234</SearchedCriteria>
    <SearchedBusinesses>
      <BusinessGeneralInfo>
        <BusinessID>str1234</BusinessID>
        <BusinessName>str1234</BusinessName>
        <BusinessAlias>str1234</BusinessAlias>
        <BusinessDescription>str1234</BusinessDescription>
        <BusinessCategory>str1234</BusinessCategory>
        <BusinessSubCategory>str1234</BusinessSubCategory>
        <BusinessSatus>str1234</BusinessSatus>
        <Address>
          <BuildingInfo>str1234</BuildingInfo>
          <Street>str1234</Street>
          <AddressLine2>str1234</AddressLine2>
          <AddressLine3>str1234</AddressLine3>
          <City>str1234</City>
          <State>str1234</State>
          <Country>str1234</Country>
          <PostalCode>str1234</PostalCode>
        </Address>
        <ContactInfo>
          <WorkNumber>str1234</WorkNumber>
          <HomeNumber>str1234</HomeNumber>
          <CellNumber>str1234</CellNumber>
          <FaxNumber>str1234</FaxNumber>
          <Email>str1234</Email>
          <Telex>str1234</Telex>
          <WebSite>str1234</WebSite>
        </ContactInfo>
      </BusinessGeneralInfo>
    </SearchedBusinesses>
  </SearchResult>